/*!40101 SET @OLD_CHARACTER_SET_CLIENT=@@CHARACTER_SET_CLIENT */;
/*!40101 SET @OLD_CHARACTER_SET_RESULTS=@@CHARACTER_SET_RESULTS */;
/*!40101 SET @OLD_COLLATION_CONNECTION=@@COLLATION_CONNECTION */;
/*!50503 SET NAMES utf8mb4 */;
/*!40103 SET @OLD_TIME_ZONE=@@TIME_ZONE */;
/*!40103 SET TIME_ZONE='+00:00' */;
/*!40014 SET @OLD_UNIQUE_CHECKS=@@UNIQUE_CHECKS, UNIQUE_CHECKS=0 */;
/*!40014 SET @OLD_FOREIGN_KEY_CHECKS=@@FOREIGN_KEY_CHECKS, FOREIGN_KEY_CHECKS=0 */;
/*!40101 SET @OLD_SQL_MODE=@@SQL_MODE, SQL_MODE='NO_AUTO_VALUE_ON_ZERO' */;
/*!40111 SET @OLD_SQL_NOTES=@@SQL_NOTES, SQL_NOTES=0 */;

--
-- Table structure for table `groups`
--

DROP TABLE IF EXISTS `groups`;
/*!40101 SET @saved_cs_client     = @@character_set_client */;
/*!50503 SET character_set_client = utf8mb4 */;
CREATE TABLE `groups` (
  `id` bigint unsigned NOT NULL AUTO_INCREMENT,
  `name` varchar(256) COLLATE utf8mb4_unicode_ci NOT NULL,
  `created_at` timestamp NULL DEFAULT NULL,
  `updated_at` timestamp NULL DEFAULT NULL,
  PRIMARY KEY (`id`),
  UNIQUE KEY `groups_name_unique` (`name`)
) ENGINE=InnoDB AUTO_INCREMENT=33 DEFAULT CHARSET=utf8mb4 COLLATE=utf8mb4_unicode_ci;
/*!40101 SET character_set_client = @saved_cs_client */;

--
-- Dumping data for table `groups`
--

LOCK TABLES `groups` WRITE;
/*!40000 ALTER TABLE `groups` DISABLE KEYS */;
INSERT INTO `groups` VALUES (1,'КН-11','2021-06-08 12:31:03','2021-06-08 12:31:03'),(2,'ЗВ-11','2021-06-08 12:31:03','2021-06-08 12:31:03'),(3,'ТО-11','2021-06-08 12:31:03','2021-06-08 12:31:03'),(4,'БС-11','2021-06-08 12:31:03','2021-06-08 12:31:03'),(5,'БО-11','2021-06-08 12:31:03','2021-06-08 12:31:03'),(6,'ФК-11','2021-06-08 12:31:03','2021-06-08 12:31:03'),(7,'ПР-11','2021-06-08 12:31:03','2021-06-08 12:31:03'),(8,'КН-21','2021-06-08 12:31:03','2021-06-08 12:31:03'),(9,'ЗВ-21','2021-06-08 12:31:03','2021-06-08 12:31:03'),(10,'ТО-21','2021-06-08 12:31:03','2021-06-08 12:31:03'),(11,'БС-21','2021-06-08 12:31:03','2021-06-08 12:31:03'),(12,'БО-21','2021-06-08 12:31:03','2021-06-08 12:31:03'),(13,'ФК-21','2021-06-08 12:31:03','2021-06-08 12:31:03'),(14,'ПР-21','2021-06-08 12:31:03','2021-06-08 12:31:03'),(15,'КН-31','2021-06-08 12:31:03','2021-06-08 12:31:03'),(16,'ЗВ-31','2021-06-08 12:31:03','2021-06-08 12:31:03'),(17,'ТО-31','2021-06-08 12:31:03','2021-06-08 12:31:03'),(18,'БС-31','2021-06-08 12:31:03','2021-06-08 12:31:03'),(19,'БО-31','2021-06-08 12:31:03','2021-06-08 12:31:03'),(20,'ФК-31','2021-06-08 12:31:03','2021-06-08 12:31:03'),(21,'ПР-31','2021-06-08 12:31:03','2021-06-08 12:31:03'),(22,'КН-41','2021-06-08 12:31:03','2021-06-08 12:31:03'),(23,'ЗВ-41','2021-06-08 12:31:03','2021-06-08 12:31:03'),(24,'ТО-41','2021-06-08 12:31:03','2021-06-08 12:31:03'),(25,'БС-41','2021-06-08 12:31:03','2021-06-08 12:31:03'),(26,'БО-41','2021-06-08 12:31:03','2021-06-08 12:31:03'),(27,'ФК-41','2021-06-08 12:31:03','2021-06-08 12:31:03'),(28,'ПР-41','2021-06-08 12:31:03','2021-06-08 12:31:03'),(30,'КН-42','2021-06-08 13:00:51','2021-06-08 13:00:51'),(31,'КНз-31','2021-06-08 13:04:00','2021-06-08 13:04:00'),(32,'КН-43','2021-06-08 13:04:00','2021-06-08 13:04:00');
/*!40000 ALTER TABLE `groups` ENABLE KEYS */;
UNLOCK TABLES;

--
-- Table structure for table `migrations`
--

DROP TABLE IF EXISTS `migrations`;
/*!40101 SET @saved_cs_client     = @@character_set_client */;
/*!50503 SET character_set_client = utf8mb4 */;
CREATE TABLE `migrations` (
  `id` int unsigned NOT NULL AUTO_INCREMENT,
  `migration` varchar(256) COLLATE utf8mb4_unicode_ci NOT NULL,
  `batch` int NOT NULL,
  PRIMARY KEY (`id`)
) ENGINE=InnoDB AUTO_INCREMENT=16 DEFAULT CHARSET=utf8mb4 COLLATE=utf8mb4_unicode_ci;
/*!40101 SET character_set_client = @saved_cs_client */;

--
-- Dumping data for table `migrations`
--

LOCK TABLES `migrations` WRITE;
/*!40000 ALTER TABLE `migrations` DISABLE KEYS */;
INSERT INTO `migrations` VALUES (11,'2014_10_12_000000_create_users_table',1),(12,'2021_05_30_202308_create_supervisors_table',1),(13,'2021_05_30_202359_create_groups_table',1),(14,'2021_05_31_104609_create_project_types_table',1),(15,'2021_05_31_104826_create_projects_table',1);
/*!40000 ALTER TABLE `migrations` ENABLE KEYS */;
UNLOCK TABLES;

--
-- Table structure for table `project_types`
--

DROP TABLE IF EXISTS `project_types`;
/*!40101 SET @saved_cs_client     = @@character_set_client */;
/*!50503 SET character_set_client = utf8mb4 */;
CREATE TABLE `project_types` (
  `id` bigint unsigned NOT NULL AUTO_INCREMENT,
  `name` varchar(256) COLLATE utf8mb4_unicode_ci NOT NULL,
  `description` text COLLATE utf8mb4_unicode_ci,
  `created_at` timestamp NULL DEFAULT NULL,
  `updated_at` timestamp NULL DEFAULT NULL,
  PRIMARY KEY (`id`),
  UNIQUE KEY `project_types_name_unique` (`name`)
) ENGINE=InnoDB AUTO_INCREMENT=8 DEFAULT CHARSET=utf8mb4 COLLATE=utf8mb4_unicode_ci;
/*!40101 SET character_set_client = @saved_cs_client */;

--
-- Dumping data for table `project_types`
--

LOCK TABLES `project_types` WRITE;
/*!40000 ALTER TABLE `project_types` DISABLE KEYS */;
INSERT INTO `project_types` VALUES (1,'Курсова робота',NULL,'2021-06-08 12:31:03','2021-06-08 12:31:03'),(2,'Курсовий проект',NULL,'2021-06-08 12:31:03','2021-06-08 12:31:03'),(3,'Навчальна практика',NULL,'2021-06-08 12:31:03','2021-06-08 12:50:35'),(4,'Виробничо-технологічна практика',NULL,'2021-06-08 12:31:03','2021-06-08 12:31:03'),(5,'Переддипломна практика',NULL,'2021-06-08 12:31:03','2021-06-08 12:31:03'),(6,'Дипломний проект',NULL,'2021-06-08 12:31:03','2021-06-08 12:31:03');
/*!40000 ALTER TABLE `project_types` ENABLE KEYS */;
UNLOCK TABLES;

--
-- Table structure for table `projects`
--

DROP TABLE IF EXISTS `projects`;
/*!40101 SET @saved_cs_client     = @@character_set_client */;
/*!50503 SET character_set_client = utf8mb4 */;
CREATE TABLE `projects` (
  `id` bigint unsigned NOT NULL AUTO_INCREMENT,
  `registration_number` bigint NOT NULL,
  `student` varchar(256) COLLATE utf8mb4_unicode_ci NOT NULL,
  `theme` text COLLATE utf8mb4_unicode_ci NOT NULL,
  `supervisor_id` bigint unsigned NOT NULL,
  `group_id` bigint unsigned NOT NULL,
  `project_type_id` bigint unsigned NOT NULL,
  `registered_at` datetime NOT NULL DEFAULT '2021-06-08 15:31:02',
  `defended_at` datetime NOT NULL DEFAULT '2021-06-08 15:31:02',
  `grade` int NOT NULL DEFAULT '60',
  `created_at` timestamp NULL DEFAULT NULL,
  `updated_at` timestamp NULL DEFAULT NULL,
  PRIMARY KEY (`id`),
  UNIQUE KEY `projects_registration_number_unique` (`registration_number`),
  KEY `projects_supervisor_id_foreign` (`supervisor_id`),
  KEY `projects_group_id_foreign` (`group_id`),
  KEY `projects_project_type_id_foreign` (`project_type_id`),
  CONSTRAINT `projects_group_id_foreign` FOREIGN KEY (`group_id`) REFERENCES `groups` (`id`) ON DELETE RESTRICT ON UPDATE CASCADE,
  CONSTRAINT `projects_project_type_id_foreign` FOREIGN KEY (`project_type_id`) REFERENCES `project_types` (`id`) ON DELETE RESTRICT ON UPDATE CASCADE,
  CONSTRAINT `projects_supervisor_id_foreign` FOREIGN KEY (`supervisor_id`) REFERENCES `supervisors` (`id`) ON DELETE RESTRICT ON UPDATE CASCADE
) ENGINE=InnoDB AUTO_INCREMENT=253 DEFAULT CHARSET=utf8mb4 COLLATE=utf8mb4_unicode_ci;
/*!40101 SET character_set_client = @saved_cs_client */;

--
-- Dumping data for table `projects`
--

LOCK TABLES `projects` WRITE;
/*!40000 ALTER TABLE `projects` DISABLE KEYS */;
INSERT INTO `projects` VALUES (179,1,'Тільняк Леся Михайлівна','Автоматизоване робоче місце секретаря навчальної частини коледжу.',16,30,6,'2021-06-08 15:31:02','2021-06-08 15:31:02',60,'2021-06-08 13:04:00','2021-06-08 13:04:00'),(180,2,'Берец Станіслав Васильович','Електронний журнал роботи клубу спортивних танців.',17,31,6,'2021-06-08 15:31:02','2021-06-08 15:31:02',60,'2021-06-08 13:04:00','2021-06-08 13:04:00'),(181,3,'Ковальов Михайло Михайлович','Мобільна програма планування фізичних навантажень на основі біометричних даних.',17,32,6,'2021-06-08 15:31:02','2021-06-08 15:31:02',60,'2021-06-08 13:04:00','2021-06-08 13:04:00'),(182,4,'Гринчишин Валерій Володимирович','Чат-бот для абітурієнта коледжу.',17,30,6,'2021-06-08 15:31:02','2021-06-08 15:31:02',60,'2021-06-08 13:04:00','2021-06-08 13:04:00'),(183,5,'Бенедик Михайло Іванович','Розробка програмного забезпечення для автоматизації роботи агентства з організації культурно-розважальних заходів.',17,32,6,'2021-06-08 15:31:02','2021-06-08 15:31:02',60,'2021-06-08 13:04:00','2021-06-08 13:04:00'),(184,6,'Ощипок Дмитро Дмитрович','Навчальна програма «Відомі спортсмени України».',17,32,6,'2021-06-08 15:31:02','2021-06-08 15:31:02',60,'2021-06-08 13:04:00','2021-06-08 13:04:00'),(185,7,'Масланич Василь Васильович','Автоматизоване робоче місце адміністратора їдальні санаторію.',17,30,6,'2021-06-08 15:31:02','2021-06-08 15:31:02',60,'2021-06-08 13:04:00','2021-06-08 13:04:00'),(186,8,'Лісіцин Максиміліан Максимович','Онлайн щоденник студента коледжу.',17,32,6,'2021-06-08 15:31:02','2021-06-08 15:31:02',60,'2021-06-08 13:04:00','2021-06-08 13:04:00'),(187,9,'Кузьмович Андрій Михайлович','Вебсайт музичного виконавця',18,32,6,'2021-06-08 15:31:02','2021-06-08 15:31:02',60,'2021-06-08 13:04:00','2021-06-08 13:04:00'),(188,10,'Дорошенко Богдан Вікторович','Чат-бот для Discord',18,32,6,'2021-06-08 15:31:02','2021-06-08 15:31:02',60,'2021-06-08 13:04:00','2021-06-08 13:04:00'),(189,11,'Пайдич Максим Васильович','Розпізнавання дорожніх знаків із голосовим супроводом',18,22,6,'2021-06-08 15:31:02','2021-06-08 15:31:02',60,'2021-06-08 13:04:00','2021-06-08 13:04:00'),(190,12,'Болехан Мирослава Вікторівна','Додаток для пошуку наявності товарів в інтернет магазинах',18,22,6,'2021-06-08 15:31:02','2021-06-08 15:31:02',60,'2021-06-08 13:04:00','2021-06-08 13:04:00'),(191,13,'Костик Сергій Віталійович','Інтернет-магазин світильників',18,30,6,'2021-06-08 15:31:02','2021-06-08 15:31:02',60,'2021-06-08 13:04:00','2021-06-08 13:04:00'),(192,14,'Гала Мирослав Мирославович','Вебплатформа для обліку та підтвердження професійних знань',18,22,6,'2021-06-08 15:31:02','2021-06-08 15:31:02',60,'2021-06-08 13:04:00','2021-06-08 13:04:00'),(193,15,'Кіктєв Антон Сергійович','Хмарне сховище',18,22,6,'2021-06-08 15:31:02','2021-06-08 15:31:02',60,'2021-06-08 13:04:00','2021-06-08 13:04:00'),(194,16,'Яцьків  Юрій  Іванович','Кафедра онлайн 2.0/ PHP',19,30,6,'2021-06-08 15:31:02','2021-06-08 15:31:02',60,'2021-06-08 13:04:00','2021-06-08 13:04:00'),(195,17,'Педченко Олександр  Васильович','Соціальна мережа для студентів.',19,30,6,'2021-06-08 15:31:02','2021-06-08 15:31:02',60,'2021-06-08 13:04:00','2021-06-08 13:04:00'),(196,18,'Коцур  Даниїл  Володимирович','Сайт для пасіки',19,32,6,'2021-06-08 15:31:02','2021-06-08 15:31:02',60,'2021-06-08 13:04:00','2021-06-08 13:04:00'),(197,19,'Попович  Річард  Степанович','Елементи для вебсайту (Галерея, слайдер, до-після)',19,30,6,'2021-06-08 15:31:02','2021-06-08 15:31:02',60,'2021-06-08 13:04:00','2021-06-08 13:04:00'),(198,20,'Газдик  Іван  Іванович','Навчальна частина. Viber bot.',19,22,6,'2021-06-08 15:31:02','2021-06-08 15:31:02',60,'2021-06-08 13:04:00','2021-06-08 13:04:00'),(199,21,'Мазур  Роман  Васильович','Каталог фахівців',19,22,6,'2021-06-08 15:31:02','2021-06-08 15:31:02',60,'2021-06-08 13:04:00','2021-06-08 13:04:00'),(200,22,'Мельник  Олександр  Олександрович','Портативні інструменти',19,30,6,'2021-06-08 15:31:02','2021-06-08 15:31:02',60,'2021-06-08 13:04:00','2021-06-08 13:04:00'),(201,23,'Газій  Дмитро  Юрійович','Лендінг резюме',19,32,6,'2021-06-08 15:31:02','2021-06-08 15:31:02',60,'2021-06-08 13:04:00','2021-06-08 13:04:00'),(202,24,'Решко Оксана Юріївна','Електронний журнал реєстрації практик, курсових та дипломних робіт.',20,32,6,'2021-06-08 15:31:02','2021-06-08 15:31:02',60,'2021-06-08 13:04:00','2021-06-08 13:04:00'),(203,25,'Міндак Діана Федорівна','Мобільний додаток «Атлас динозаврів».',20,31,6,'2021-06-08 15:31:02','2021-06-08 15:31:02',60,'2021-06-08 13:04:00','2021-06-08 13:04:00'),(204,26,'Бага Олександр Олександрович','Програма для автоматизації оформлення розрахункової частини дипломного проекту (економічна частина+охорона праці).',20,32,6,'2021-06-08 15:31:02','2021-06-08 15:31:02',60,'2021-06-08 13:04:00','2021-06-08 13:04:00'),(205,27,'Миголинець Олександр Михайлович','Програма для автоматичного формування подання голові ДЕК щодо захисту дипломного проекту.',20,31,6,'2021-06-08 15:31:02','2021-06-08 15:31:02',60,'2021-06-08 13:04:00','2021-06-08 13:04:00'),(206,28,'Янкович Богдан Віталійович','Універсальна система тестування знань студентів.',20,32,6,'2021-06-08 15:31:02','2021-06-08 15:31:02',60,'2021-06-08 13:04:00','2021-06-08 13:04:00'),(207,29,'Кубинець  Валентина  Андріївна','Програма для автоматизації роботи кемпінгів.',20,30,6,'2021-06-08 15:31:02','2021-06-08 15:31:02',60,'2021-06-08 13:04:00','2021-06-08 13:04:00'),(208,30,'Балог  Валерія  Андріївна','Автоматизована бібліотечно-інформаційна система для музичного коледжу',20,30,6,'2021-06-08 15:31:02','2021-06-08 15:31:02',60,'2021-06-08 13:04:00','2021-06-08 13:04:00'),(209,31,'Галамба  Владислав  Іванович','Програма для автоматичного формування протоколів засідань ДЕК.',20,22,6,'2021-06-08 15:31:02','2021-06-08 15:31:02',60,'2021-06-08 13:04:00','2021-06-08 13:04:00'),(210,32,'Сочка  Іван  Володимирович','Розробка програми «3D-модель коледжу»',21,32,6,'2021-06-08 15:31:02','2021-06-08 15:31:02',60,'2021-06-08 13:04:00','2021-06-08 13:04:00'),(211,33,'Бруженяк  Василь  Юрійович','Розробка програми «Пожежна сигналізація».',21,22,6,'2021-06-08 15:31:02','2021-06-08 15:31:02',60,'2021-06-08 13:04:00','2021-06-08 13:04:00'),(212,34,'Курта  Владислав  Владиславович','Розробка програми «Охоронна сигналізація з відеоспостереженням».',21,22,6,'2021-06-08 15:31:02','2021-06-08 15:31:02',60,'2021-06-08 13:04:00','2021-06-08 13:04:00'),(213,35,'Хаща  Василь  Васильович','Розробка програми «Охоронна сигналізація з відеоспостереженням»',21,22,6,'2021-06-08 15:31:02','2021-06-08 15:31:02',60,'2021-06-08 13:04:00','2021-06-08 13:04:00'),(214,36,'Товт  Валентин-Бейло  Бейлович','Розробка програми для Arduino «Тюнер для налаштування музичних інструментів».',21,32,6,'2021-06-08 15:31:02','2021-06-08 15:31:02',60,'2021-06-08 13:04:00','2021-06-08 13:04:00'),(215,37,'Рябець  Богдан  Васильович','Розробка програми «Навчальна модель роботи мікросхем».',21,32,6,'2021-06-08 15:31:02','2021-06-08 15:31:02',60,'2021-06-08 13:04:00','2021-06-08 13:04:00'),(216,38,'Музика  Михайло  Ігорович','Розробка вебсайту любителів збалансованого харчування',21,22,6,'2021-06-08 15:31:02','2021-06-08 15:31:02',60,'2021-06-08 13:04:00','2021-06-08 13:04:00'),(217,39,'Ломага Сергій Сергійович','Каталог товарів продуктового магазину.',22,32,6,'2021-06-08 15:31:02','2021-06-08 15:31:02',60,'2021-06-08 13:04:00','2021-06-08 13:04:00'),(218,40,'Рігель  Микола  Йосифович','Розробка онлайн-системи для виконання замовлень на ремонт смартфонів, планшетів.',22,32,6,'2021-06-08 15:31:02','2021-06-08 15:31:02',60,'2021-06-08 13:04:00','2021-06-08 13:04:00'),(219,41,'Бучина Дмитро Степанович','Розробка Android-додатку для тестування знань',22,31,6,'2021-06-08 15:31:02','2021-06-08 15:31:02',60,'2021-06-08 13:04:00','2021-06-08 13:04:00'),(220,42,'Новак  Олександр  Романович','Інтернет-магазин флористики',22,30,6,'2021-06-08 15:31:02','2021-06-08 15:31:02',60,'2021-06-08 13:04:00','2021-06-08 13:04:00'),(221,43,'Солодко  Вячеслав  Вячеславович','Клуб вивчення іноземних мов.',22,22,6,'2021-06-08 15:31:02','2021-06-08 15:31:02',60,'2021-06-08 13:04:00','2021-06-08 13:04:00'),(222,44,'Гончарук  Валентин  Олегович','ПЗ «Створення веб-сайту»',22,22,6,'2021-06-08 15:31:02','2021-06-08 15:31:02',60,'2021-06-08 13:04:00','2021-06-08 13:04:00'),(223,45,'Щадей Тарас Олегович','Розробка онлайн-системи «Охорона рослинного і тваринного світу».',22,31,6,'2021-06-08 15:31:02','2021-06-08 15:31:02',60,'2021-06-08 13:04:00','2021-06-08 13:04:00'),(224,46,'Андріянов Сергій Олексійович','Інтернет-магазин килимів та аксесуарів.',22,31,6,'2021-06-08 15:31:02','2021-06-08 15:31:02',60,'2021-06-08 13:04:00','2021-06-08 13:04:00'),(225,47,'Кость Михайло Михайлович','Навчальна програма «Табличний процесор»',23,22,6,'2021-06-08 15:31:02','2021-06-08 15:31:02',60,'2021-06-08 13:04:00','2021-06-08 13:04:00'),(226,48,'Панько   Олександр  Олександрович','Математична програма «Перевір себе»',23,30,6,'2021-06-08 15:31:02','2021-06-08 15:31:02',60,'2021-06-08 13:04:00','2021-06-08 13:04:00'),(227,49,'Андреянов  Максим, Дмитро  Олександрович','Мобільний додаток «Мій автомобіль»',23,31,6,'2021-06-08 15:31:02','2021-06-08 15:31:02',60,'2021-06-08 13:04:00','2021-06-08 13:04:00'),(228,50,'Сентимрей  Олександр  Дмитрович','Програма «Автопарк»',23,22,6,'2021-06-08 15:31:02','2021-06-08 15:31:02',60,'2021-06-08 13:04:00','2021-06-08 13:04:00'),(229,51,'Нодь Олександр Андрійович','Онлайн енциклопедія для дітей «Все про динозаврів».',23,22,6,'2021-06-08 15:31:02','2021-06-08 15:31:02',60,'2021-06-08 13:04:00','2021-06-08 13:04:00'),(230,52,'Дацьо  Ярослав  Вікторович','Розробка вебресурсу для ігрового центру.',23,22,6,'2021-06-08 15:31:02','2021-06-08 15:31:02',60,'2021-06-08 13:04:00','2021-06-08 13:04:00'),(231,53,'Сухиняк Владислава Юріївна','Автоматизація роботи відділу грошових виплат та компенсацій відділу охорона праці та захисту населення',23,30,6,'2021-06-08 15:31:02','2021-06-08 15:31:02',60,'2021-06-08 13:04:00','2021-06-08 13:04:00'),(232,54,'Єськін Андрій Ігорович','Онлайн ресурс для дистанційного навчання дисципліни «Фізичне виховання».',23,31,6,'2021-06-08 15:31:02','2021-06-08 15:31:02',60,'2021-06-08 13:04:00','2021-06-08 13:04:00'),(233,55,'Чанцев  Валерій  Юрійович','Онлайн кінотеатр',24,32,6,'2021-06-08 15:31:02','2021-06-08 15:31:02',60,'2021-06-08 13:04:00','2021-06-08 13:04:00'),(234,56,'Грейцер  Богдан  Анатолійович','Вебсайт новин',24,32,6,'2021-06-08 15:31:02','2021-06-08 15:31:02',60,'2021-06-08 13:04:00','2021-06-08 13:04:00'),(235,57,'Думенко  Богдан  Михайлович','Програмне забезпечення для моніторингу мережевої активності',24,32,6,'2021-06-08 15:31:02','2021-06-08 15:31:02',60,'2021-06-08 13:04:00','2021-06-08 13:04:00'),(236,58,'Ганькулич Валентин  Валентинович','Карта Wi-Fi точок доступу',24,22,6,'2021-06-08 15:31:02','2021-06-08 15:31:02',60,'2021-06-08 13:04:00','2021-06-08 13:04:00'),(237,59,'Сегедій  Едуард  Вікторович','Автоматизація роботи он-лайн радіостанції',24,22,6,'2021-06-08 15:31:02','2021-06-08 15:31:02',60,'2021-06-08 13:04:00','2021-06-08 13:04:00'),(238,60,'Глушок  Віталій  Вікторович','Вебсайт для завантаження різних програм',24,30,6,'2021-06-08 15:31:02','2021-06-08 15:31:02',60,'2021-06-08 13:04:00','2021-06-08 13:04:00'),(239,61,'Лало Юрій Юрійович','Редактор конфігурацій nginx',24,30,6,'2021-06-08 15:31:02','2021-06-08 15:31:02',60,'2021-06-08 13:04:00','2021-06-08 13:04:00'),(240,62,'Шуста Василь Васильович','Програма-тестувальник',24,31,6,'2021-06-08 15:31:02','2021-06-08 15:31:02',60,'2021-06-08 13:04:00','2021-06-08 13:04:00'),(241,63,'Жихарєв  Олександр  Олександрович','TikTok downloader без водяного знака',25,32,6,'2021-06-08 15:31:02','2021-06-08 15:31:02',60,'2021-06-08 13:04:00','2021-06-08 13:04:00'),(242,64,'Данило  Михайло  Володимирович','Вікторина з вгадування прапорів (telegram bot)',25,32,6,'2021-06-08 15:31:02','2021-06-08 15:31:02',60,'2021-06-08 13:04:00','2021-06-08 13:04:00'),(243,65,'Держі  Владислав  Вікторович','Вебсайт «Що подивитись?»',25,32,6,'2021-06-08 15:31:02','2021-06-08 15:31:02',60,'2021-06-08 13:04:00','2021-06-08 13:04:00'),(244,66,'Гушек  Мілан','Landing page portfolio на Vue.js',25,22,6,'2021-06-08 15:31:02','2021-06-08 15:31:02',60,'2021-06-08 13:04:00','2021-06-08 13:04:00'),(245,67,'Андрусь  Олександр Ярославович','Вебсайт «Цікаві факти»',25,22,6,'2021-06-08 15:31:02','2021-06-08 15:31:02',60,'2021-06-08 13:04:00','2021-06-08 13:04:00'),(246,68,'Білусяк  Михайло Михайлович','Мобільний додаток «Самообслуговування у магазині»',26,30,6,'2021-06-08 15:31:02','2021-06-08 15:31:02',60,'2021-06-08 13:04:00','2021-06-08 13:04:00'),(247,69,'Бенедик Василь Васильович','Мобільний додаток для адміністратора магазину',26,31,6,'2021-06-08 15:31:02','2021-06-08 15:31:02',60,'2021-06-08 13:04:00','2021-06-08 13:04:00'),(248,70,'Сабов  Артур  Артурович','Система обліку робочого часу медичного персоналу, який працює з пацієнтами із COVID-19',26,30,6,'2021-06-08 15:31:02','2021-06-08 15:31:02',60,'2021-06-08 13:04:00','2021-06-08 13:04:00'),(249,71,'Шебела Василь Васильович','Програма для розрахунку пені по банківський кредитам',26,31,6,'2021-06-08 15:31:02','2021-06-08 15:31:02',60,'2021-06-08 13:04:00','2021-06-08 13:04:00'),(250,72,'Васильченко Анастасія Андріївна','Онлайн-чат для сайту з адміністративною частиною для відповідей менеджера',27,31,6,'2021-06-08 15:31:02','2021-06-08 15:31:02',60,'2021-06-08 13:04:00','2021-06-08 13:04:00'),(251,73,'Куцин Артемій Васильович','Розклад занять онлайн',27,31,6,'2021-06-08 15:31:02','2021-06-08 15:31:02',60,'2021-06-08 13:04:00','2021-06-08 13:04:00'),(252,74,'Полянські Тимофій Ярославович','Блочний редактор Email-розсилки з SMTP інтеграцією Sendpulse.',27,31,6,'2021-06-08 15:31:02','2021-06-08 15:31:02',60,'2021-06-08 13:04:00','2021-06-08 13:04:00');
/*!40000 ALTER TABLE `projects` ENABLE KEYS */;
UNLOCK TABLES;

--
-- Table structure for table `supervisors`
--

DROP TABLE IF EXISTS `supervisors`;
/*!40101 SET @saved_cs_client     = @@character_set_client */;
/*!50503 SET character_set_client = utf8mb4 */;
CREATE TABLE `supervisors` (
  `id` bigint unsigned NOT NULL AUTO_INCREMENT,
  `name` varchar(256) COLLATE utf8mb4_unicode_ci NOT NULL,
  `created_at` timestamp NULL DEFAULT NULL,
  `updated_at` timestamp NULL DEFAULT NULL,
  PRIMARY KEY (`id`),
  UNIQUE KEY `supervisors_name_unique` (`name`)
) ENGINE=InnoDB AUTO_INCREMENT=28 DEFAULT CHARSET=utf8mb4 COLLATE=utf8mb4_unicode_ci;
/*!40101 SET character_set_client = @saved_cs_client */;

--
-- Dumping data for table `supervisors`
--

LOCK TABLES `supervisors` WRITE;
/*!40000 ALTER TABLE `supervisors` DISABLE KEYS */;
INSERT INTO `supervisors` VALUES (16,'Александра Н.В.','2021-06-08 13:00:51','2021-06-08 13:00:51'),(17,'Александра Н.В','2021-06-08 13:04:00','2021-06-08 13:04:00'),(18,'Лінчук Н.Л.','2021-06-08 13:04:00','2021-06-08 13:04:00'),(19,'Пойда В.В.','2021-06-08 13:04:00','2021-06-08 13:04:00'),(20,'Лукавська А.В.','2021-06-08 13:04:00','2021-06-08 13:04:00'),(21,'Баландяк В.І.','2021-06-08 13:04:00','2021-06-08 13:04:00'),(22,'Мокрянин Я.І.','2021-06-08 13:04:00','2021-06-08 13:04:00'),(23,'Нажмієва Н.М.','2021-06-08 13:04:00','2021-06-08 13:04:00'),(24,'Пастор Н.Е.','2021-06-08 13:04:00','2021-06-08 13:04:00'),(25,'Верещагін О.О.','2021-06-08 13:04:00','2021-06-08 13:04:00'),(26,'Мага І.І.','2021-06-08 13:04:00','2021-06-08 13:04:00'),(27,'Фотул В.В.','2021-06-08 13:04:00','2021-06-08 13:04:00');
/*!40000 ALTER TABLE `supervisors` ENABLE KEYS */;
UNLOCK TABLES;

--
-- Table structure for table `users`
--

DROP TABLE IF EXISTS `users`;
/*!40101 SET @saved_cs_client     = @@character_set_client */;
/*!50503 SET character_set_client = utf8mb4 */;
CREATE TABLE `users` (
  `id` bigint unsigned NOT NULL AUTO_INCREMENT,
  `name` varchar(256) COLLATE utf8mb4_unicode_ci NOT NULL,
  `password` varchar(256) COLLATE utf8mb4_unicode_ci NOT NULL,
  `created_at` timestamp NULL DEFAULT NULL,
  `updated_at` timestamp NULL DEFAULT NULL,
  PRIMARY KEY (`id`),
  UNIQUE KEY `users_name_unique` (`name`)
) ENGINE=InnoDB AUTO_INCREMENT=2 DEFAULT CHARSET=utf8mb4 COLLATE=utf8mb4_unicode_ci;
/*!40101 SET character_set_client = @saved_cs_client */;

--
-- Dumping data for table `users`
--

LOCK TABLES `users` WRITE;
/*!40000 ALTER TABLE `users` DISABLE KEYS */;
INSERT INTO `users` VALUES (1,'admin','$2y$10$F.TwqJMwrI7rUbEy2qQcqugA9OIN5y7eutJKASrPomnNVBzf7GX2O','2021-06-08 12:31:03','2021-06-08 12:31:03');
/*!40000 ALTER TABLE `users` ENABLE KEYS */;
UNLOCK TABLES;
/*!40103 SET TIME_ZONE=@OLD_TIME_ZONE */;

/*!40101 SET SQL_MODE=@OLD_SQL_MODE */;
/*!40014 SET FOREIGN_KEY_CHECKS=@OLD_FOREIGN_KEY_CHECKS */;
/*!40014 SET UNIQUE_CHECKS=@OLD_UNIQUE_CHECKS */;
/*!40101 SET CHARACTER_SET_CLIENT=@OLD_CHARACTER_SET_CLIENT */;
/*!40101 SET CHARACTER_SET_RESULTS=@OLD_CHARACTER_SET_RESULTS */;
/*!40101 SET COLLATION_CONNECTION=@OLD_COLLATION_CONNECTION */;
/*!40111 SET SQL_NOTES=@OLD_SQL_NOTES */;

-- Dump completed on 2021-06-08 16:07:45
